,Unnamed: 0_x,FIPS,State_x,Area_Name,Rural-urban_Continuum Code_2003,Rural-urban_Continuum Code_2013,Urban_Influence_Code_2003,Urban_Influence_Code_2013,Economic_typology_2015,CENSUS_2010_POP,ESTIMATES_BASE_2010,POP_ESTIMATE_2010,POP_ESTIMATE_2011,POP_ESTIMATE_2012,POP_ESTIMATE_2013,POP_ESTIMATE_2014,POP_ESTIMATE_2015,POP_ESTIMATE_2016,N_POP_CHG_2010,N_POP_CHG_2011,N_POP_CHG_2012,N_POP_CHG_2013,N_POP_CHG_2014,N_POP_CHG_2015,N_POP_CHG_2016,Births_2010,Births_2011,Births_2012,Births_2013,Births_2014,Births_2015,Births_2016,Deaths_2010,Deaths_2011,Deaths_2012,Deaths_2013,Deaths_2014,Deaths_2015,Deaths_2016,NATURAL_INC_2010,NATURAL_INC_2011,NATURAL_INC_2012,NATURAL_INC_2013,NATURAL_INC_2014,NATURAL_INC_2015,NATURAL_INC_2016,INTERNATIONAL_MIG_2010,INTERNATIONAL_MIG_2011,INTERNATIONAL_MIG_2012,INTERNATIONAL_MIG_2013,INTERNATIONAL_MIG_2014,INTERNATIONAL_MIG_2015,INTERNATIONAL_MIG_2016,DOMESTIC_MIG_2010,DOMESTIC_MIG_2011,DOMESTIC_MIG_2012,DOMESTIC_MIG_2013,DOMESTIC_MIG_2014,DOMESTIC_MIG_2015,DOMESTIC_MIG_2016,NET_MIG_2010,NET_MIG_2011,NET_MIG_2012,NET_MIG_2013,NET_MIG_2014,NET_MIG_2015,NET_MIG_2016,RESIDUAL_2010,RESIDUAL_2011,RESIDUAL_2012,RESIDUAL_2013,RESIDUAL_2014,RESIDUAL_2015,RESIDUAL_2016,GQ_ESTIMATES_BASE_2010,GQ_ESTIMATES_2010,GQ_ESTIMATES_2011,GQ_ESTIMATES_2012,GQ_ESTIMATES_2013,GQ_ESTIMATES_2014,GQ_ESTIMATES_2015,GQ_ESTIMATES_2016,R_birth_2011,R_birth_2012,R_birth_2013,R_birth_2014,R_birth_2015,R_birth_2016,R_death_2011,R_death_2012,R_death_2013,R_death_2014,R_death_2015,R_death_2016,R_NATURAL_INC_2011,R_NATURAL_INC_2012,R_NATURAL_INC_2013,R_NATURAL_INC_2014,R_NATURAL_INC_2015,R_NATURAL_INC_2016,R_INTERNATIONAL_MIG_2011,R_INTERNATIONAL_MIG_2012,R_INTERNATIONAL_MIG_2013,R_INTERNATIONAL_MIG_2014,R_INTERNATIONAL_MIG_2015,R_INTERNATIONAL_MIG_2016,R_DOMESTIC_MIG_2011,R_DOMESTIC_MIG_2012,R_DOMESTIC_MIG_2013,R_DOMESTIC_MIG_2014,R_DOMESTIC_MIG_2015,R_DOMESTIC_MIG_2016,R_NET_MIG_2011,R_NET_MIG_2012,R_NET_MIG_2013,R_NET_MIG_2014,R_NET_MIG_2015,R_NET_MIG_2016,Unnamed: 0_y,FIPStxt,State_y,Area_name,Rural_urban_continuum_code_2003,Urban_influence_code_2003,Rural_urban_continuum_code_2013,Urban_influence_code_2013,Civilian_labor_force_2007,Employed_2007,Unemployed_2007,Unemployment_rate_2007,Civilian_labor_force_2008,Employed_2008,Unemployed_2008,Unemployment_rate_2008,Civilian_labor_force_2009,Employed_2009,Unemployed_2009,Unemployment_rate_2009,Civilian_labor_force_2010,Employed_2010,Unemployed_2010,Unemployment_rate_2010,Civilian_labor_force_2011,Employed_2011,Unemployed_2011,Unemployment_rate_2011,Civilian_labor_force_2012,Employed_2012,Unemployed_2012,Unemployment_rate_2012,Civilian_labor_force_2013,Employed_2013,Unemployed_2013,Unemployment_rate_2013,Civilian_labor_force_2014,Employed_2014,Unemployed_2014,Unemployment_rate_2014,Civilian_labor_force_2015,Employed_2015,Unemployed_2015,Unemployment_rate_2015,Median_Household_Income_2015,Med_HH_Income_Percent_of_State_Total_2015
0,1,1000,AL,Alabama,,,,,,"4,779,736","4,780,131","4,785,492","4,799,918","4,815,960","4,829,479","4,843,214","4,853,875","4,863,300","5,361","14,426","16,042","13,519","13,735","10,661","9,425","14,231","59,689","59,066","57,939","58,906","59,034","58,556","11,086","48,817","48,372","50,845","49,693","51,407","52,405","3,145","10,872","10,694","7,094","9,213","7,627","6,151","1,360","4,816","4,695","4,179","4,732","5,110","4,738",866,"-1,416",414,"1,619",420,"-3,114",-864,"2,226","3,400","5,109","5,798","5,152","1,996","3,874",-10,154,239,627,-630,"1,038",-600,"116,185","116,214","115,521","115,697","116,984","119,189","120,174","119,659",12.5,12.3,12.0,12.2,12.2,12.1,10.2,10.1,10.5,10.3,10.6,10.8,2.3,2.2,1.5,1.9,1.6,1.3,1.0,1.0,0.9,1.0,1.1,1.0,-0.3,0.1,0.3,0.1,-0.6,-0.2,0.7,1.1,1.2,1.1,0.4,0.8,0,1000,AL,Alabama, , , , ,"2,175,612","2,089,127","86,485",4.0,"2,176,489","2,053,477","123,012",5.7,"2,162,999","1,924,747","238,252",11.0,"2,196,042","1,964,559","231,483",10.5,"2,202,670","1,990,413","212,257",9.6,"2,174,972","2,001,849","173,123",8.0,"2,167,238","2,010,431","156,807",7.2,"2,161,313","2,014,284","147,029",6.8,"2,146,157","2,015,189","130,968",6.1,"$44,833",100.0
1,69,2000,AK,Alaska,,,,,,"710,231","710,249","714,031","722,713","731,089","736,879","736,705","737,709","741,894","3,782","8,682","8,376","5,790",-174,"1,004","4,185","2,891","11,707","11,126","11,347","11,448","11,314","11,255",919,"3,937","3,937","4,047","4,047","4,315","4,511","1,972","7,770","7,189","7,300","7,401","6,999","6,744",574,"1,480","2,723","2,249","2,208","2,527","2,030","1,199",-795,"-1,549","-3,223","-10,408","-7,882","-4,587","1,773",685,"1,174",-974,"-8,200","-5,355","-2,557",37,227,13,-536,625,-640,-2,"26,366","26,365","25,511","26,883","28,205","28,093","27,798","27,826",16.3,15.3,15.5,15.5,15.3,15.2,5.5,5.4,5.5,5.5,5.9,6.1,10.8,9.9,9.9,10.0,9.5,9.1,2.1,3.7,3.1,3.0,3.4,2.7,-1.1,-2.1,-4.4,-14.1,-10.7,-6.2,1.0,1.6,-1.3,-11.1,-7.3,-3.5,68,2000,AK,Alaska, , , , ,"350,785","328,579","22,206",6.3,"356,109","332,285","23,824",6.7,"359,647","331,792","27,855",7.7,"361,913","333,416","28,497",7.9,"365,913","338,161","27,752",7.6,"365,674","339,608","26,066",7.1,"365,216","339,957","25,259",6.9,"365,890","340,804","25,086",6.9,"363,822","340,227","23,595",6.5,"$73,391",100.0
2,99,4000,AZ,Arizona,,,,,,"6,392,017","6,392,301","6,408,312","6,467,163","6,549,634","6,624,617","6,719,993","6,817,565","6,931,071","16,011","58,851","82,471","74,983","95,376","97,572","113,506","20,941","86,106","85,573","86,097","86,128","87,258","87,204","11,486","48,164","48,756","50,609","50,249","54,576","56,564","9,455","37,942","36,817","35,488","35,879","32,682","30,640","2,373","10,947","11,686","12,282","14,290","15,414","14,861","4,420","8,535","33,964","25,538","41,038","48,341","61,544","6,793","19,482","45,650","37,820","55,328","63,755","76,405",-237,"1,427",4,"1,675","4,169","1,135","6,461","139,679","141,952","148,493","150,295","148,433","151,479","156,723","156,879",13.4,13.1,13.1,12.9,12.9,12.7,7.5,7.5,7.7,7.5,8.1,8.2,5.9,5.7,5.4,5.4,4.8,4.5,1.7,1.8,1.9,2.1,2.3,2.2,1.3,5.2,3.9,6.2,7.1,9.0,3.0,7.0,5.7,8.3,9.4,11.1,101,4000,AZ,Arizona, , , , ,"3,034,016","2,917,117","116,899",3.9,"3,104,863","2,913,903","190,960",6.2,"3,128,110","2,817,577","310,533",9.9,"3,089,705","2,769,454","320,251",10.4,"3,037,017","2,748,470","288,547",9.5,"3,031,199","2,778,425","252,774",8.3,"3,039,865","2,804,338","235,527",7.7,"3,097,112","2,886,412","210,700",6.8,"3,152,708","2,959,518","193,190",6.1,"$51,473",100.0
3,115,5000,AR,Arkansas,,,,,,"2,915,918","2,916,025","2,921,995","2,939,493","2,950,685","2,958,663","2,966,912","2,977,853","2,988,248","5,970","17,498","11,192","7,978","8,249","10,941","10,395","9,431","38,451","38,603","37,976","38,233","38,212","37,936","7,016","29,427","29,745","30,948","29,954","29,955","30,581","2,415","9,024","8,858","7,028","8,279","8,257","7,355",747,"2,635","2,995","2,806","3,251","3,469","3,335","2,711","5,591",-868,"-1,265","-2,864",-963,195,"3,458","8,226","2,127","1,541",387,"2,506","3,530",97,248,207,-591,-417,178,-490,"78,973","80,144","81,456","81,281","81,712","83,105","84,642","85,075",13.1,13.1,12.9,12.9,12.9,12.7,10.0,10.1,10.5,10.1,10.1,10.3,3.1,3.0,2.4,2.8,2.8,2.5,0.9,1.0,0.9,1.1,1.2,1.1,1.9,-0.3,-0.4,-1.0,-0.3,0.1,2.8,0.7,0.5,0.1,0.8,1.2,117,5000,AR,Arkansas, , , , ,"1,369,284","1,296,572","72,712",5.3,"1,375,257","1,300,017","75,240",5.5,"1,358,911","1,252,399","106,512",7.8,"1,353,338","1,242,496","110,842",8.2,"1,362,682","1,249,514","113,168",8.3,"1,342,327","1,240,646","101,681",7.6,"1,307,986","1,212,009","95,977",7.3,"1,304,141","1,224,398","79,743",6.1,"1,330,099","1,260,615","69,484",5.2,"$42,046",100.0
4,191,6000,CA,California,,,,,,"37,253,956","37,254,522","37,332,685","37,676,861","38,011,074","38,335,203","38,680,810","38,993,940","39,250,017","78,163","344,176","334,213","324,129","345,607","313,130","256,077","123,306","509,772","497,438","499,642","498,910","503,303","502,848","57,299","238,419","239,600","247,773","244,043","262,984","273,850","66,007","271,353","257,838","251,869","254,867","240,319","228,998","28,560","124,150","122,429","121,944","138,820","148,098","142,553","-17,304","-42,576","-43,897","-51,795","-41,146","-77,603","-109,023","11,256","81,574","78,532","70,149","97,674","70,495","33,530",900,"-8,751","-2,157","2,111","-6,934","2,316","-6,451","820,359","818,961","816,774","818,176","809,443","818,638","820,098","813,569",13.6,13.1,13.1,13.0,13.0,12.9,6.4,6.3,6.5,6.3,6.8,7.0,7.2,6.8,6.6,6.6,6.2,5.9,3.3,3.2,3.2,3.6,3.8,3.6,-1.1,-1.2,-1.4,-1.1,-2.0,-2.8,2.2,2.1,1.8,2.5,1.8,0.9,193,6000,CA,California, , , , ,"17,893,080","16,931,590","961,490",5.4,"18,178,123","16,854,482","1,323,641",7.3,"18,215,140","16,182,572","2,032,568",11.2,"18,336,271","16,091,945","2,244,326",12.2,"18,415,100","16,258,133","2,156,967",11.7,"18,551,413","16,627,835","1,923,578",10.4,"18,670,058","17,001,033","1,669,025",8.9,"18,827,925","17,418,042","1,409,883",7.5,"18,981,770","17,798,614","1,183,156",6.2,"$64,483",100.0
5,250,8000,CO,Colorado,,,,,,"5,029,196","5,029,324","5,048,644","5,118,360","5,189,867","5,267,603","5,349,648","5,448,819","5,540,545","19,320","69,716","71,507","77,736","82,045","99,171","91,726","16,793","65,911","64,733","64,738","65,713","66,427","67,453","7,855","32,009","32,714","33,597","33,943","36,381","37,121","8,938","33,902","32,019","31,141","31,770","30,046","30,332","2,031","8,238","10,445","9,364","10,391","11,505","10,557","7,797","25,703","28,485","36,296","39,052","56,122","50,216","9,828","33,941","38,930","45,660","49,443","67,627","60,773",554,"1,873",558,935,832,"1,498",621,"116,006","117,338","117,743","116,332","116,825","116,343","118,090","118,125",13.0,12.6,12.4,12.4,12.3,12.3,6.3,6.3,6.4,6.4,6.7,6.8,6.7,6.2,6.0,6.0,5.6,5.5,1.6,2.0,1.8,2.0,2.1,1.9,5.1,5.5,6.9,7.4,10.4,9.1,6.7,7.6,8.7,9.3,12.5,11.1,252,8000,CO,Colorado, , , , ,"2,664,677","2,565,218","99,459",3.7,"2,716,625","2,585,243","131,382",4.8,"2,722,982","2,524,443","198,539",7.3,"2,724,417","2,486,404","238,013",8.7,"2,736,079","2,507,265","228,814",8.4,"2,759,437","2,542,267","217,170",7.9,"2,780,536","2,590,651","189,885",6.8,"2,815,200","2,674,635","140,565",5.0,"2,828,529","2,718,698","109,831",3.9,"$63,945",100.0
6,315,9000,CT,Connecticut,,,,,,"3,574,097","3,574,114","3,579,899","3,589,893","3,593,795","3,596,003","3,591,873","3,584,730","3,576,452","5,785","9,994","3,902","2,208","-4,130","-7,143","-8,278","9,495","37,644","36,847","36,138","36,155","36,150","35,848","6,833","29,324","29,093","29,789","29,681","30,025","30,638","2,662","8,320","7,754","6,349","6,474","6,125","5,210","3,549","16,004","15,316","14,804","16,740","17,439","17,058",-265,"-13,242","-19,031","-17,204","-27,123","-28,939","-29,880","3,284","2,762","-3,715","-2,400","-10,383","-11,500","-12,822",-161,"-1,088",-137,"-1,741",-221,"-1,768",-666,"118,152","121,156","120,357","118,151","118,329","117,199","115,698","114,956",10.5,10.3,10.1,10.1,10.1,10.0,8.2,8.1,8.3,8.3,8.4,8.6,2.3,2.2,1.8,1.8,1.7,1.5,4.5,4.3,4.1,4.7,4.9,4.8,-3.7,-5.3,-4.8,-7.5,-8.1,-8.3,0.8,-1.0,-0.7,-2.9,-3.2,-3.6,317,9000,CT,Connecticut, , , , ,"1,856,209","1,773,159","83,050",4.5,"1,881,454","1,774,681","106,773",5.7,"1,891,077","1,740,971","150,106",7.9,"1,911,712","1,737,449","174,263",9.1,"1,914,775","1,745,967","168,808",8.8,"1,888,336","1,730,695","157,641",8.3,"1,872,031","1,726,875","145,156",7.8,"1,886,398","1,761,610","124,788",6.6,"1,888,001","1,781,517","106,484",5.6,"$71,333",100.0
7,324,10000,DE,Delaware,,,,,,"897,934","897,936","899,816","907,924","916,993","925,395","934,948","944,076","952,065","1,880","8,108","9,069","8,402","9,553","9,128","7,989","2,845","11,303","11,157","10,889","10,979","10,882","10,922","1,843","7,873","7,694","8,094","8,078","8,569","8,945","1,002","3,430","3,463","2,795","2,901","2,313","1,977",561,"2,175","2,424","2,239","2,522","2,658","2,556",273,"2,632","3,261","3,417","3,887","3,989","3,027",834,"4,807","5,685","5,656","6,409","6,647","5,583",44,-129,-79,-49,243,168,429,"24,413","24,345","24,750","25,204","25,209","25,219","25,069","25,059",12.5,12.2,11.8,11.8,11.6,11.5,8.7,8.4,8.8,8.7,9.1,9.4,3.8,3.8,3.0,3.1,2.5,2.1,2.4,2.7,2.4,2.7,2.8,2.7,2.9,3.6,3.7,4.2,4.2,3.2,5.3,6.2,6.1,6.9,7.1,5.9,326,10000,DE,Delaware, , , , ,"443,573","428,312","15,261",3.4,"447,041","424,914","22,127",4.9,"437,500","401,312","36,188",8.3,"434,419","397,869","36,550",8.4,"443,346","410,086","33,260",7.5,"445,708","413,589","32,119",7.2,"442,518","412,766","29,752",6.7,"453,631","427,708","25,923",5.7,"467,472","444,578","22,894",4.9,"$61,327",100.0
8,328,11000,DC,District of Columbia,,,,,,"601,723","601,766","605,183","620,477","635,327","649,165","659,005","670,377","681,170","3,417","15,294","14,850","13,838","9,840","11,372","10,793","2,246","9,196","9,232","9,446","9,337","9,657","9,779","1,180","4,671","4,543","4,809","4,649","5,166","5,455","1,066","4,525","4,689","4,637","4,688","4,491","4,324",788,"3,299","3,692","3,643","4,019","4,237","4,116","1,428","7,069","6,305","6,022",691,"2,885","2,276","2,216","10,368","9,997","9,665","4,710","7,122","6,392",135,401,164,-464,442,-241,77,"40,021","39,984","40,268","40,403","40,261","40,105","39,297","39,769",15.0,14.7,14.7,14.3,14.5,14.5,7.6,7.2,7.5,7.1,7.8,8.1,7.4,7.5,7.2,7.2,6.8,6.4,5.4,5.9,5.7,6.1,6.4,6.1,11.5,10.0,9.4,1.1,4.3,3.4,16.9,15.9,15.0,7.2,10.7,9.5,330,11000,DC,District of Columbia, , , , ,"322,237","304,426","17,811",5.5,"330,544","309,192","21,352",6.5,"335,672","304,500","31,172",9.3,"346,065","313,508","32,557",9.4,"350,778","315,171","35,607",10.2,"365,055","332,068","32,987",9.0,"373,835","342,061","31,774",8.5,"378,082","348,729","29,353",7.8,"388,388","361,544","26,844",6.9,"$73,115",100.0
9,330,12000,FL,Florida,,,,,,"18,801,310","18,804,592","18,849,098","19,096,952","19,344,156","19,582,022","19,888,741","20,244,914","20,612,439","44,506","247,854","247,204","237,866","306,719","356,173","367,525","50,876","213,209","214,037","212,992","218,344","221,011","222,793","41,790","174,530","173,775","181,652","181,074","195,790","201,485","9,086","38,679","40,262","31,340","37,270","25,221","21,308","23,566","105,659","107,214","103,303","116,098","121,235","118,831","11,864","101,716","98,825","97,999","141,388","207,537","207,155","35,430","207,375","206,039","201,302","257,486","328,772","325,986",-10,"1,800",903,"5,224","11,963","2,180","20,231","424,999","426,891","428,999","428,254","432,404","432,637","435,167","433,717",11.2,11.1,10.9,11.1,11.0,10.9,9.2,9.0,9.3,9.2,9.8,9.9,2.0,2.1,1.6,1.9,1.3,1.0,5.6,5.6,5.3,5.9,6.0,5.8,5.4,5.1,5.0,7.2,10.3,10.1,10.9,10.7,10.3,13.0,16.4,16.0,332,12000,FL,Florida, , , , ,"9,157,124","8,789,770","367,354",4.0,"9,215,524","8,637,164","578,360",6.3,"9,094,825","8,148,123","946,702",10.4,"9,212,066","8,193,659","1,018,407",11.1,"9,300,542","8,371,638","928,904",10.0,"9,391,203","8,592,418","798,785",8.5,"9,460,552","8,771,158","689,394",7.3,"9,606,715","8,999,446","607,269",6.3,"9,675,328","9,153,264","522,064",5.4,"$49,416",100.0
10,398,13000,GA,Georgia,,,,,,"9,687,653","9,688,680","9,713,521","9,811,610","9,914,668","9,984,938","10,087,231","10,199,398","10,310,371","24,841","98,089","103,058","70,270","102,293","112,167","110,973","32,491","132,623","131,876","128,652","129,544","131,318","130,862","17,202","71,119","70,427","74,854","74,855","78,843","81,525","15,289","61,504","61,449","53,798","54,689","52,475","49,337","5,488","21,072","24,082","21,159","23,558","25,469","23,831","3,603","11,328","16,868","-5,905","22,868","33,156","36,781","9,091","32,400","40,950","15,254","46,426","58,625","60,612",461,"4,185",659,"1,218","1,178","1,067","1,024","254,026","257,144","260,026","265,358","260,874","261,234","260,716","256,905",13.6,13.4,12.9,12.9,12.9,12.8,7.3,7.1,7.5,7.5,7.8,7.9,6.3,6.2,5.4,5.4,5.2,4.8,2.2,2.4,2.1,2.3,2.5,2.3,1.2,1.7,-0.6,2.3,3.3,3.6,3.3,4.2,1.5,4.6,5.8,5.9,400,13000,GA,Georgia, , , , ,"4,815,818","4,597,640","218,178",4.5,"4,879,253","4,575,010","304,243",6.2,"4,787,749","4,311,854","475,895",9.9,"4,696,676","4,202,052","494,624",10.5,"4,748,754","4,263,305","485,449",10.2,"4,788,068","4,349,796","438,272",9.2,"4,759,506","4,369,349","390,157",8.2,"4,753,765","4,416,715","337,050",7.1,"4,770,873","4,490,931","279,942",5.9,"$51,225",100.0
11,558,15000,HI,Hawaii,,,,,,"1,360,301","1,360,301","1,363,945","1,377,864","1,391,820","1,406,481","1,416,349","1,425,157","1,428,557","3,644","13,919","13,956","14,661","9,868","8,808","3,400","4,645","19,157","18,895","19,037","18,954","18,307","18,507","2,531","10,073","10,244","10,342","10,754","11,864","12,237","2,114","9,084","8,651","8,695","8,200","6,443","6,270","1,963","6,443","8,998","7,434","7,677","8,596","7,438",-420,-941,"-3,556","-1,443","-5,359","-6,759","-10,021","1,543","5,502","5,442","5,991","2,318","1,837","-2,583",-13,-667,-137,-25,-650,528,-287,"42,880","43,305","43,522","43,333","43,947","44,068","44,249","44,287",14.0,13.6,13.6,13.4,12.9,13.0,7.3,7.4,7.4,7.6,8.4,8.6,6.6,6.2,6.2,5.8,4.5,4.4,4.7,6.5,5.3,5.4,6.1,5.2,-0.7,-2.6,-1.0,-3.8,-4.8,-7.0,4.0,3.9,4.3,1.6,1.3,-1.8,560,15000,HI,Hawaii, , , , ,"638,395","620,535","17,860",2.8,"639,691","612,120","27,571",4.3,"631,690","586,522","45,168",7.2,"647,249","602,282","44,967",6.9,"660,253","615,319","44,934",6.8,"647,625","608,722","38,903",6.0,"650,708","619,088","31,620",4.9,"668,346","639,148","29,198",4.4,"677,439","652,939","24,500",3.6,"$73,097",100.0
12,564,16000,ID,Idaho,,,,,,"1,567,582","1,567,650","1,571,010","1,584,143","1,595,911","1,612,011","1,633,532","1,652,828","1,683,140","3,360","13,133","11,768","16,100","21,521","19,296","30,312","5,973","22,957","22,366","22,705","22,430","23,001","22,792","2,567","11,885","11,902","12,301","12,546","12,348","12,496","3,406","11,072","10,464","10,404","9,884","10,653","10,296",372,"1,313","1,600","1,458","1,669","1,848","1,726",-371,152,-307,"4,786","8,916","6,748","17,143",1,"1,465","1,293","6,244","10,585","8,596","18,869",-47,596,11,-548,"1,052",47,"1,147","29,021","28,863","29,344","29,524","29,604","30,387","30,064","30,052",14.6,14.1,14.2,13.8,14.0,13.7,7.5,7.5,7.7,7.7,7.5,7.5,7.0,6.6,6.5,6.1,6.5,6.2,0.8,1.0,0.9,1.0,1.1,1.0,0.1,-0.2,3.0,5.5,4.1,10.3,0.9,0.8,3.9,6.5,5.2,11.3,565,16000,ID,Idaho, , , , ,"754,438","731,235","23,203",3.1,"755,153","716,653","38,500",5.1,"757,131","690,722","66,409",8.8,"761,056","692,826","68,230",9.0,"765,178","701,466","63,712",8.3,"769,617","713,981","55,636",7.2,"772,513","724,955","47,558",6.2,"781,390","743,574","37,816",4.8,"797,475","764,463","33,012",4.1,"$48,311",100.0
13,609,17000,IL,Illinois,,,,,,"12,830,632","12,831,574","12,841,578","12,860,012","12,870,798","12,879,505","12,867,544","12,839,047","12,801,539","10,004","18,434","10,786","8,707","-11,961","-28,497","-37,508","41,842","162,419","160,143","157,488","157,517","157,493","155,238","24,054","101,617","101,298","104,312","102,715","107,022","108,040","17,788","60,802","58,845","53,176","54,802","50,471","47,198","5,864","26,317","26,875","26,501","30,024","32,005","30,934","-13,461","-67,239","-74,709","-68,697","-96,297","-105,619","-114,144","-7,597","-40,922","-47,834","-42,196","-66,273","-73,614","-83,210",-187,"-1,446",-225,"-2,273",-490,"-5,354","-1,496","302,246","302,213","301,622","300,885","300,479","300,236","300,825","300,819",12.6,12.4,12.2,12.2,12.3,12.1,7.9,7.9,8.1,8.0,8.3,8.4,4.7,4.6,4.1,4.3,3.9,3.7,2.0,2.1,2.1,2.3,2.5,2.4,-5.2,-5.8,-5.3,-7.5,-8.2,-8.9,-3.2,-3.7,-3.3,-5.1,-5.7,-6.5,610,17000,IL,Illinois, , , , ,"6,665,601","6,334,010","331,591",5.0,"6,657,227","6,238,611","418,616",6.3,"6,618,658","5,943,229","675,429",10.2,"6,625,321","5,937,047","688,274",10.4,"6,586,893","5,948,366","638,527",9.7,"6,584,691","5,993,148","591,543",9.0,"6,561,142","5,964,580","596,562",9.1,"6,515,198","6,053,884","461,314",7.1,"6,512,386","6,126,307","386,079",5.9,"$59,590",100.0
14,712,18000,IN,Indiana,,,,,,"6,483,802","6,484,136","6,490,528","6,516,480","6,537,743","6,569,102","6,595,233","6,612,768","6,633,053","6,392","25,952","21,263","31,359","26,131","17,535","20,285","20,958","83,463","83,073","83,364","83,532","83,662","83,267","13,865","57,897","58,632","60,721","59,872","60,852","60,909","7,093","25,566","24,441","22,643","23,660","22,810","22,358","2,255","9,263","9,599","9,519","10,725","11,258","11,052","-2,976","-8,511","-12,698",-247,"-6,723","-15,870","-12,135",-721,752,"-3,099","9,272","4,002","-4,612","-1,083",20,-366,-79,-556,"-1,531",-663,-990,"187,366","187,421","188,304","188,706","189,805","190,328","188,839","187,052",12.8,12.7,12.7,12.7,12.7,12.6,8.9,9.0,9.3,9.1,9.2,9.2,3.9,3.7,3.5,3.6,3.5,3.4,1.4,1.5,1.5,1.6,1.7,1.7,-1.3,-1.9,-0.0,-1.0,-2.4,-1.8,0.1,-0.5,1.4,0.6,-0.7,-0.2,713,18000,IN,Indiana, , , , ,"3,207,687","3,061,042","146,645",4.6,"3,232,097","3,041,828","190,269",5.9,"3,193,989","2,864,985","329,004",10.3,"3,175,192","2,845,608","329,584",10.4,"3,181,991","2,891,945","290,046",9.1,"3,171,569","2,907,130","264,439",8.3,"3,193,427","2,948,941","244,486",7.7,"3,227,970","3,035,984","191,986",5.9,"3,265,761","3,109,217","156,544",4.8,"$50,510",100.0
15,805,19000,IA,Iowa,,,,,,"3,046,355","3,046,869","3,050,738","3,065,223","3,076,310","3,091,930","3,108,030","3,121,997","3,134,693","3,869","14,485","11,087","15,620","16,100","13,967","12,696","9,966","37,851","38,469","38,805","39,458","39,563","39,349","6,868","28,208","28,048","29,141","28,926","28,486","28,739","3,098","9,643","10,421","9,664","10,532","11,077","10,610","1,009","4,811","4,984","5,580","6,165","6,441","6,336",-145,237,"-4,316",617,5,"-3,689","-3,392",864,"5,048",668,"6,197","6,170","2,752","2,944",-93,-206,-2,-241,-602,138,-858,"98,630","98,630","100,255","99,882","99,600","100,038","100,428","100,516",12.4,12.5,12.6,12.7,12.7,12.6,9.2,9.1,9.4,9.3,9.1,9.2,3.2,3.4,3.1,3.4,3.6,3.4,1.6,1.6,1.8,2.0,2.1,2.0,0.1,-1.4,0.2,0.0,-1.2,-1.1,1.7,0.2,2.0,2.0,0.9,0.9,806,19000,IA,Iowa, , , , ,"1,660,677","1,599,332","61,345",3.7,"1,679,293","1,608,695","70,598",4.2,"1,687,411","1,579,248","108,163",6.4,"1,678,281","1,577,447","100,834",6.0,"1,662,376","1,570,177","92,199",5.5,"1,649,169","1,565,874","83,295",5.1,"1,672,399","1,593,027","79,372",4.7,"1,697,712","1,626,270","71,442",4.2,"1,701,329","1,638,868","62,461",3.7,"$54,843",100.0
16,905,20000,KS,Kansas,,,,,,"2,853,118","2,853,129","2,858,850","2,869,503","2,885,262","2,892,821","2,899,360","2,906,721","2,907,289","5,721","10,653","15,759","7,559","6,539","7,361",568,"9,987","40,115","39,579","39,724","39,292","38,717","38,702","5,988","25,183","24,965","25,593","25,505","25,018","25,128","3,999","14,932","14,614","14,131","13,787","13,699","13,574","1,320","4,703","6,358","5,356","5,864","6,415","5,851",511,"-9,071","-5,234","-12,072","-13,027","-13,011","-18,595","1,831","-4,368","1,124","-6,716","-7,163","-6,596","-12,744",-109,89,21,144,-85,258,-262,"79,090","79,107","79,163","79,265","79,071","79,031","79,035","79,042",14.0,13.8,13.7,13.6,13.3,13.3,8.8,8.7,8.9,8.8,8.6,8.6,5.2,5.1,4.9,4.8,4.7,4.7,1.6,2.2,1.9,2.0,2.2,2.0,-3.2,-1.8,-4.2,-4.5,-4.5,-6.4,-1.5,0.4,-2.3,-2.5,-2.3,-4.4,906,20000,KS,Kansas, , , , ,"1,483,458","1,420,449","63,009",4.2,"1,499,676","1,430,628","69,048",4.6,"1,518,207","1,413,873","104,334",6.9,"1,500,764","1,394,958","105,806",7.1,"1,491,087","1,394,082","97,005",6.5,"1,483,574","1,398,474","85,100",5.7,"1,485,405","1,406,374","79,031",5.3,"1,494,188","1,425,970","68,218",4.6,"1,499,009","1,435,884","63,125",4.2,"$53,802",100.0
17,1011,21000,KY,Kentucky,,,,,,"4,339,367","4,339,344","4,348,662","4,369,354","4,384,799","4,400,477","4,413,057","4,424,611","4,436,974","9,318","20,692","15,445","15,678","12,580","11,554","12,363","13,693","55,309","55,286","56,049","55,747","55,686","55,198","10,535","42,424","42,795","44,425","43,684","44,681","44,883","3,158","12,885","12,491","11,624","12,063","11,005","10,315","1,393","5,104","6,726","6,215","6,711","7,168","6,734","4,721","2,955","-3,858","-2,217","-5,171","-6,917","-3,429","6,114","8,059","2,868","3,998","1,540",251,"3,305",46,-252,86,56,"-1,023",298,"-1,257","125,870","127,826","129,199","130,345","130,968","129,964","132,045","131,248",12.7,12.6,12.8,12.7,12.6,12.5,9.7,9.8,10.1,9.9,10.1,10.1,3.0,2.9,2.6,2.7,2.5,2.3,1.2,1.5,1.4,1.5,1.6,1.5,0.7,-0.9,-0.5,-1.2,-1.6,-0.8,1.8,0.7,0.9,0.3,0.1,0.7,1012,21000,KY,Kentucky, , , , ,"2,032,082","1,922,220","109,862",5.4,"2,030,738","1,900,683","130,055",6.4,"2,060,162","1,847,126","213,036",10.3,"2,054,375","1,844,650","209,725",10.2,"2,056,410","1,862,928","193,482",9.4,"2,058,982","1,891,038","167,944",8.2,"2,058,186","1,892,027","166,159",8.1,"2,005,603","1,875,932","129,671",6.5,"1,953,393","1,847,938","105,455",5.4,"$45,178",100.0
18,1132,22000,LA,Louisiana,,,,,,"4,533,372","4,533,479","4,544,996","4,575,404","4,603,429","4,626,402","4,647,880","4,668,960","4,681,666","11,517","30,408","28,025","22,973","21,478","21,080","12,706","14,576","62,303","62,265","62,531","64,213","63,995","63,570","9,178","40,758","40,744","43,787","43,576","44,002","45,030","5,398","21,545","21,521","18,744","20,637","19,993","18,540","1,818","6,641","7,278","6,513","7,175","7,660","7,223","4,142","2,206","-1,040","-2,451","-5,726","-7,238","-12,243","5,960","8,847","6,238","4,062","1,449",422,"-5,020",159,16,266,167,-608,665,-814,"127,534","127,557","127,917","128,615","128,595","128,351","128,591","128,612",13.7,13.6,13.5,13.8,13.7,13.6,8.9,8.9,9.5,9.4,9.4,9.6,4.7,4.7,4.1,4.5,4.3,4.0,1.5,1.6,1.4,1.5,1.6,1.5,0.5,-0.2,-0.5,-1.2,-1.6,-2.6,1.9,1.4,0.9,0.3,0.1,-1.1,1133,22000,LA,Louisiana, , , , ,"2,030,434","1,944,038","86,396",4.3,"2,084,835","1,982,381","102,454",4.9,"2,064,768","1,923,884","140,884",6.8,"2,086,076","1,919,852","166,224",8.0,"2,073,217","1,911,021","162,196",7.8,"2,080,664","1,932,880","147,784",7.1,"2,106,424","1,964,634","141,790",6.7,"2,156,737","2,018,593","138,144",6.4,"2,160,195","2,025,102","135,093",6.3,"$45,829",100.0
19,1197,23000,ME,Maine,,,,,,"1,328,361","1,328,364","1,327,730","1,328,231","1,328,895","1,329,076","1,330,719","1,329,453","1,331,479",-634,501,664,181,"1,643","-1,266","2,026","3,441","12,626","12,802","12,868","12,703","12,602","12,542","3,099","13,031","12,750","13,407","13,353","13,656","13,842",342,-405,52,-539,-650,"-1,054","-1,300",256,"1,245","1,305","1,565","1,736","1,823","1,785","-1,245",33,-586,"-1,269",674,"-1,738","2,169",-989,"1,278",719,296,"2,410",85,"3,954",13,-372,-107,424,-117,-297,-628,"35,545","35,544","35,537","35,602","35,779","35,870","35,881","35,892",9.5,9.6,9.7,9.6,9.5,9.4,9.8,9.6,10.1,10.0,10.3,10.4,-0.3,0.0,-0.4,-0.5,-0.8,-1.0,0.9,1.0,1.2,1.3,1.4,1.3,0.0,-0.4,-1.0,0.5,-1.3,1.6,1.0,0.5,0.2,1.8,0.1,3.0,1198,23000,ME,Maine, , , , ,"700,468","667,781","32,687",4.7,"701,646","663,158","38,488",5.5,"696,219","639,954","56,265",8.1,"695,182","638,630","56,552",8.1,"699,281","644,085","55,196",7.9,"702,799","650,249","52,550",7.5,"707,623","660,662","46,961",6.6,"696,578","657,302","39,276",5.6,"679,756","649,855","29,901",4.4,"$51,419",100.0
20,1214,24000,MD,Maryland,,,,,,"5,773,552","5,773,786","5,788,584","5,843,603","5,889,651","5,931,129","5,967,295","5,994,983","6,016,447","14,798","55,019","46,048","41,478","36,166","27,688","21,464","18,462","73,541","72,732","72,355","72,756","73,859","73,321","10,626","43,675","43,464","45,739","44,753","48,446","50,036","7,836","29,866","29,268","26,616","28,003","25,413","23,285","6,294","25,655","25,599","23,876","26,088","27,472","26,408",788,527,"-8,270","-9,192","-16,232","-24,906","-26,232","7,082","26,182","17,329","14,684","9,856","2,566",176,-120,"-1,029",-549,178,"-1,693",-291,"-1,997","138,537","139,044","141,688","140,484","139,874","140,198","140,562","140,535",12.6,12.4,12.2,12.2,12.3,12.2,7.5,7.4,7.7,7.5,8.1,8.3,5.1,5.0,4.5,4.7,4.2,3.9,4.4,4.4,4.0,4.4,4.6,4.4,0.1,-1.4,-1.6,-2.7,-4.2,-4.4,4.5,3.0,2.5,1.7,0.4,0.0,1215,24000,MD,Maryland, , , , ,"2,970,094","2,867,348","102,746",3.5,"3,001,953","2,874,987","126,966",4.2,"3,032,700","2,820,245","212,455",7.0,"3,073,826","2,838,492","235,334",7.7,"3,096,561","2,872,084","224,477",7.2,"3,120,678","2,903,673","217,005",7.0,"3,127,825","2,921,375","206,450",6.6,"3,128,296","2,946,520","181,776",5.8,"3,151,929","2,988,101","163,828",5.2,"$75,784",100.0
21,1239,25000,MA,Massachusetts,,,,,,"6,547,629","6,547,813","6,565,524","6,611,923","6,658,008","6,706,786","6,749,911","6,784,240","6,811,779","17,711","46,399","46,085","48,778","43,125","34,329","27,539","18,644","73,191","72,214","72,162","71,940","71,945","72,024","12,290","54,026","52,418","54,804","54,741","56,119","57,563","6,354","19,165","19,796","17,358","17,199","15,826","14,461","7,581","34,572","35,460","35,960","40,091","41,526","40,898","3,720","-4,679","-8,675","-3,709","-11,569","-22,087","-25,606","11,301","29,893","26,785","32,251","28,522","19,439","15,292",56,"-2,659",-496,-831,"-2,596",-936,"-2,214","239,070","245,384","246,815","247,796","247,531","252,570","252,476","252,586",11.1,10.9,10.8,10.7,10.6,10.6,8.2,7.9,8.2,8.1,8.3,8.5,2.9,3.0,2.6,2.6,2.3,2.1,5.2,5.3,5.4,6.0,6.1,6.0,-0.7,-1.3,-0.6,-1.7,-3.3,-3.8,4.5,4.0,4.8,4.2,2.9,2.2,1240,25000,MA,Massachusetts, , , , ,"3,426,009","3,268,096","157,913",4.6,"3,452,468","3,261,408","191,060",5.5,"3,470,382","3,189,010","281,372",8.1,"3,480,083","3,190,818","289,265",8.3,"3,469,308","3,217,754","251,554",7.3,"3,486,326","3,254,060","232,266",6.7,"3,513,565","3,277,801","235,764",6.7,"3,557,362","3,353,138","204,224",5.7,"3,569,956","3,392,107","177,849",5.0,"$70,659",100.0
22,1254,26000,MI,Michigan,,,,,,"9,883,640","9,884,129","9,877,495","9,876,213","9,887,238","9,898,982","9,915,767","9,917,715","9,928,300","-6,634","-1,282","11,025","11,744","16,785","1,948","10,585","29,105","113,974","113,077","113,012","114,527","113,735","113,437","22,101","89,856","89,064","92,325","91,841","94,319","94,353","7,004","24,118","24,013","20,687","22,686","19,416","19,084","3,893","17,731","19,239","19,958","22,052","22,969","22,511","-18,075","-43,442","-32,306","-29,395","-26,045","-38,770","-27,839","-14,182","-25,711","-13,067","-9,437","-3,993","-15,801","-5,328",544,311,79,494,"-1,908","-1,667","-3,171","229,500","228,894","226,843","228,017","227,731","229,238","230,489","230,466",11.5,11.4,11.4,11.6,11.5,11.4,9.1,9.0,9.3,9.3,9.5,9.5,2.4,2.4,2.1,2.3,2.0,1.9,1.8,1.9,2.0,2.2,2.3,2.3,-4.4,-3.3,-3.0,-2.6,-3.9,-2.8,-2.6,-1.3,-1.0,-0.4,-1.6,-0.5,1255,26000,MI,Michigan, , , , ,"5,011,120","4,658,939","352,181",7.0,"4,921,466","4,529,289","392,177",8.0,"4,903,544","4,233,803","669,741",13.7,"4,798,954","4,194,041","604,913",12.6,"4,685,164","4,198,349","486,815",10.4,"4,672,484","4,246,233","426,251",9.1,"4,729,625","4,311,262","418,363",8.8,"4,754,282","4,408,144","346,138",7.3,"4,750,627","4,492,989","257,638",5.4,"$51,063",100.0
23,1338,27000,MN,Minnesota,,,,,,"5,303,925","5,303,924","5,311,147","5,348,562","5,380,285","5,418,521","5,453,109","5,482,435","5,519,952","7,223","37,415","31,723","38,236","34,588","29,326","37,517","17,499","68,369","68,052","68,968","69,886","69,466","69,190","9,336","39,985","39,320","41,327","40,831","41,577","41,938","8,163","28,384","28,732","27,641","29,055","27,889","27,252","3,018","12,369","12,071","12,004","13,247","13,853","13,644","-3,899","-3,326","-8,864","-1,828","-6,258","-12,241","-1,762",-881,"9,043","3,207","10,176","6,989","1,612","11,882",-59,-12,-216,419,"-1,456",-175,"-1,617","135,395","135,385","136,520","136,265","134,440","134,740","134,033","132,543",12.8,12.7,12.8,12.9,12.7,12.6,7.5,7.3,7.7,7.5,7.6,7.6,5.3,5.4,5.1,5.3,5.1,5.0,2.3,2.3,2.2,2.4,2.5,2.5,-0.6,-1.7,-0.3,-1.2,-2.2,-0.3,1.7,0.6,1.9,1.3,0.3,2.2,1339,27000,MN,Minnesota, , , , ,"2,906,390","2,773,704","132,686",4.6,"2,925,088","2,766,342","158,746",5.4,"2,941,976","2,713,426","228,550",7.8,"2,938,795","2,721,194","217,601",7.4,"2,946,279","2,755,264","191,015",6.5,"2,958,273","2,793,143","165,130",5.6,"2,971,523","2,824,970","146,553",4.9,"2,982,750","2,858,592","124,158",4.2,"3,010,367","2,898,864","111,503",3.7,"$63,459",100.0
24,1426,28000,MS,Mississippi,,,,,,"2,967,297","2,968,103","2,970,322","2,978,162","2,984,945","2,990,482","2,992,400","2,989,390","2,988,726","2,219","7,840","6,783","5,537","1,918","-3,010",-664,"9,420","39,747","39,420","38,492","38,712","38,304","37,880","6,646","29,129","29,018","30,639","30,582","30,203","31,006","2,774","10,618","10,402","7,853","8,130","8,101","6,874",583,"1,834","2,774","2,088","2,251","2,543","2,223","-1,035","-5,610","-6,583","-4,248","-8,641","-13,502","-9,690",-452,"-3,776","-3,809","-2,160","-6,390","-10,959","-7,467",-103,998,190,-156,178,-152,-71,"92,768","92,949","93,258","93,946","96,145","95,571","93,016","93,060",13.4,13.2,12.9,12.9,12.8,12.7,9.8,9.7,10.3,10.2,10.1,10.4,3.6,3.5,2.6,2.7,2.7,2.3,0.6,0.9,0.7,0.8,0.9,0.7,-1.9,-2.2,-1.4,-2.9,-4.5,-3.2,-1.3,-1.3,-0.7,-2.1,-3.7,-2.5,1427,28000,MS,Mississippi, , , , ,"1,303,514","1,224,059","79,455",6.1,"1,306,772","1,220,991","85,781",6.6,"1,269,219","1,148,930","120,289",9.5,"1,306,608","1,170,879","135,729",10.4,"1,342,808","1,208,747","134,061",10.0,"1,317,447","1,198,914","118,533",9.0,"1,271,436","1,161,814","109,622",8.6,"1,249,288","1,154,812","94,476",7.6,"1,272,657","1,189,646","83,011",6.5,"$40,630",100.0
25,1509,29000,MO,Missouri,,,,,,"5,988,927","5,988,928","5,996,118","6,010,717","6,025,415","6,042,711","6,060,930","6,076,204","6,093,000","7,190","14,599","14,698","17,296","18,219","15,274","16,796","19,012","76,249","75,424","75,174","75,788","74,731","74,423","13,171","55,985","55,637","57,589","57,141","58,255","58,723","5,841","20,264","19,787","17,585","18,647","16,476","15,700","1,917","7,519","8,670","7,590","8,343","8,880","8,413",-281,"-13,328","-13,498","-7,392","-7,785","-9,602","-6,250","1,636","-5,809","-4,828",198,558,-722,"2,163",-287,144,-261,-487,-986,-480,"-1,067","174,142","173,855","173,937","174,317","174,505","174,993","175,010","175,397",12.7,12.5,12.5,12.5,12.3,12.2,9.3,9.2,9.5,9.4,9.6,9.7,3.4,3.3,2.9,3.1,2.7,2.6,1.3,1.4,1.3,1.4,1.5,1.4,-2.2,-2.2,-1.2,-1.3,-1.6,-1.0,-1.0,-0.8,0.0,0.1,-0.1,0.4,1510,29000,MO,Missouri, , , , ,"3,034,579","2,879,647","154,932",5.1,"3,028,857","2,842,845","186,012",6.1,"3,049,563","2,766,711","282,852",9.3,"3,056,484","2,763,535","292,949",9.6,"3,047,786","2,789,224","258,562",8.5,"3,016,161","2,806,121","210,040",7.0,"3,011,601","2,809,402","202,199",6.7,"3,051,812","2,863,982","187,830",6.2,"3,113,760","2,958,176","155,584",5.0,"$50,200",100.0
26,1625,30000,MT,Montana,,,,,,"989,415","989,414","990,641","997,821","1,005,196","1,014,314","1,022,867","1,032,073","1,042,520","1,227","7,180","7,375","9,118","8,553","9,206","10,447","3,067","12,003","12,036","12,201","12,387","12,519","12,431","2,387","9,128","8,961","9,448","9,380","9,228","9,597",680,"2,875","3,075","2,753","3,007","3,291","2,834",205,621,753,565,586,646,569,412,"3,493","3,515","5,678","4,742","5,035","6,853",617,"4,114","4,268","6,243","5,328","5,681","7,422",-70,191,32,122,218,234,191,"28,849","28,849","28,785","28,807","28,853","28,878","28,838","28,872",12.1,12.0,12.1,12.2,12.2,12.0,9.2,8.9,9.4,9.2,9.0,9.3,2.9,3.1,2.7,3.0,3.2,2.7,0.6,0.8,0.6,0.6,0.6,0.5,3.5,3.5,5.6,4.7,4.9,6.6,4.1,4.3,6.2,5.2,5.5,7.2,1626,30000,MT,Montana, , , , ,"502,070","484,189","17,881",3.6,"509,163","483,347","25,816",5.1,"501,014","466,713","34,301",6.8,"500,525","463,998","36,527",7.3,"501,225","466,403","34,822",6.9,"506,446","476,115","30,331",6.0,"513,255","485,456","27,799",5.4,"515,947","491,938","24,009",4.7,"522,727","501,186","21,541",4.1,"$49,650",100.0
27,1682,31000,NE,Nebraska,,,,,,"1,826,341","1,826,334","1,830,051","1,842,283","1,855,725","1,868,559","1,881,145","1,893,765","1,907,116","3,717","12,232","13,442","12,834","12,586","12,620","13,351","6,515","25,725","25,756","26,023","26,463","26,651","26,553","3,656","15,621","15,218","16,171","15,706","15,168","15,355","2,859","10,104","10,538","9,852","10,757","11,483","11,198",814,"3,205","3,857","3,739","4,111","4,390","4,187",131,"-1,162",-861,-571,"-2,204","-2,920","-2,144",945,"2,043","2,996","3,168","1,907","1,470","2,043",-87,85,-92,-186,-78,-333,110,"51,165","51,165","51,578","51,741","51,427","51,948","51,915","52,354",14.0,13.9,14.0,14.1,14.1,14.0,8.5,8.2,8.7,8.4,8.0,8.1,5.5,5.7,5.3,5.7,6.1,5.9,1.7,2.1,2.0,2.2,2.3,2.2,-0.6,-0.5,-0.3,-1.2,-1.5,-1.1,1.1,1.6,1.7,1.0,0.8,1.1,1683,31000,NE,Nebraska, , , , ,"978,763","949,494","29,269",3.0,"989,757","956,759","32,998",3.3,"991,583","945,648","45,935",4.6,"993,398","947,360","46,038",4.6,"1,003,256","959,059","44,197",4.4,"1,015,555","975,032","40,523",4.0,"1,019,345","980,779","38,566",3.8,"1,013,899","980,833","33,066",3.3,"1,012,973","982,707","30,266",3.0,"$55,073",100.0
28,1776,32000,NV,Nevada,,,,,,"2,700,551","2,700,691","2,703,284","2,718,379","2,752,565","2,786,464","2,833,013","2,883,758","2,940,058","2,593","15,095","34,186","33,899","46,549","50,745","56,300","8,891","35,847","34,712","35,084","35,226","36,286","36,462","4,944","20,200","20,412","21,267","21,280","23,053","23,771","3,947","15,647","14,300","13,817","13,946","13,233","12,691","1,507","6,432","6,153","6,220","7,163","7,727","7,392","-2,859","-6,661","13,649","13,342","23,610","28,376","34,575","-1,352",-229,"19,802","19,562","30,773","36,103","41,967",-2,-323,84,520,"1,830","1,409","1,642","36,298","36,260","36,935","37,064","37,254","37,385","37,322","37,920",13.2,12.7,12.7,12.5,12.7,12.5,7.5,7.5,7.7,7.6,8.1,8.2,5.8,5.2,5.0,5.0,4.6,4.4,2.4,2.2,2.2,2.5,2.7,2.5,-2.5,5.0,4.8,8.4,9.9,11.9,-0.1,7.2,7.1,11.0,12.6,14.4,1777,32000,NV,Nevada, , , , ,"1,330,396","1,270,572","59,824",4.5,"1,363,574","1,272,187","91,387",6.7,"1,349,299","1,196,758","152,541",11.3,"1,358,578","1,174,774","183,804",13.5,"1,373,115","1,194,264","178,851",13.0,"1,378,094","1,224,315","153,779",11.2,"1,385,312","1,252,872","132,440",9.6,"1,401,801","1,291,040","110,761",7.9,"1,425,711","1,329,552","96,159",6.7,"$52,544",100.0
29,1794,33000,NH,New Hampshire,,,,,,"1,316,470","1,316,461","1,316,872","1,318,473","1,321,182","1,322,687","1,328,743","1,330,111","1,334,795",411,"1,601","2,709","1,505","6,056","1,368","4,684","3,270","12,991","12,370","12,593","12,220","12,285","12,274","2,519","10,737","10,508","10,874","11,099","11,489","11,572",751,"2,254","1,862","1,719","1,121",796,702,445,"1,802","1,850","1,927","2,153","2,235","2,175",-773,"-2,206",-938,"-2,337","2,854","-1,570","2,187",-328,-404,912,-410,"5,007",665,"4,362",-12,-249,-65,196,-72,-93,-380,"40,104","40,103","40,602","40,845","40,727","43,079","42,391","42,396",9.9,9.4,9.5,9.2,9.2,9.2,8.1,8.0,8.2,8.4,8.6,8.7,1.7,1.4,1.3,0.8,0.6,0.5,1.4,1.4,1.5,1.6,1.7,1.6,-1.7,-0.7,-1.8,2.2,-1.2,1.6,-0.3,0.7,-0.3,3.8,0.5,3.3,1795,33000,NH,New Hampshire, , , , ,"737,942","712,008","25,934",3.5,"742,781","714,104","28,677",3.9,"744,227","697,802","46,425",6.2,"738,257","695,135","43,122",5.8,"736,302","696,532","39,770",5.4,"741,031","700,290","40,741",5.5,"741,937","704,196","37,741",5.1,"740,609","708,896","31,713",4.3,"741,192","715,727","25,465",3.4,"$70,003",100.0
30,1805,34000,NJ,New Jersey,,,,,,"8,791,894","8,791,953","8,803,729","8,841,243","8,873,211","8,899,162","8,925,001","8,935,421","8,944,469","11,776","37,514","31,968","25,951","25,839","10,420","9,048","26,536","106,685","104,521","103,464","103,327","102,362","102,166","17,100","71,078","69,031","72,492","70,478","72,904","74,762","9,436","35,607","35,490","30,972","32,849","29,458","27,404","11,197","46,987","45,202","43,980","48,842","50,929","50,087","-8,811","-44,374","-48,342","-46,367","-55,009","-66,665","-66,791","2,386","2,613","-3,140","-2,387","-6,167","-15,736","-16,704",-46,-706,-382,"-2,634",-843,"-3,302","-1,652","186,903","186,551","186,617","187,835","187,822","188,293","186,920","185,907",12.1,11.8,11.6,11.6,11.5,11.4,8.1,7.8,8.2,7.9,8.2,8.4,4.0,4.0,3.5,3.7,3.3,3.1,5.3,5.1,4.9,5.5,5.7,5.6,-5.0,-5.5,-5.2,-6.2,-7.5,-7.5,0.3,-0.4,-0.3,-0.7,-1.8,-1.9,1806,34000,NJ,New Jersey, , , , ,"4,441,797","4,251,815","189,982",4.3,"4,504,432","4,263,965","240,467",5.3,"4,550,645","4,138,570","412,075",9.1,"4,555,330","4,121,455","433,875",9.5,"4,565,272","4,138,464","426,808",9.3,"4,585,318","4,158,553","426,765",9.3,"4,528,492","4,157,649","370,843",8.2,"4,513,600","4,209,699","303,901",6.7,"4,543,777","4,288,825","254,952",5.6,"$72,337",100.0
31,1827,35000,NM,New Mexico,,,,,,"2,059,179","2,059,198","2,064,756","2,077,756","2,083,784","2,085,193","2,083,024","2,080,328","2,081,015","5,558","13,000","6,028","1,409","-2,169","-2,696",687,"6,645","27,799","27,043","26,738","26,357","25,650","25,491","3,809","16,380","16,467","16,803","17,138","17,742","17,799","2,836","11,419","10,576","9,935","9,219","7,908","7,692",528,"1,736","2,629","2,183","2,571","2,899","2,637","2,093",84,"-7,116","-10,541","-14,067","-13,668","-9,748","2,621","1,820","-4,487","-8,358","-11,496","-10,769","-7,111",101,-239,-61,-168,108,165,106,"42,629","42,665","42,662","43,095","43,203","43,113","43,084","43,127",13.4,13.0,12.8,12.6,12.3,12.3,7.9,7.9,8.1,8.2,8.5,8.6,5.5,5.1,4.8,4.4,3.8,3.7,0.8,1.3,1.0,1.2,1.4,1.3,0.0,-3.4,-5.1,-6.7,-6.6,-4.7,0.9,-2.2,-4.0,-5.5,-5.2,-3.4,1828,35000,NM,New Mexico, , , , ,"934,027","898,998","35,029",3.8,"944,548","902,411","42,137",4.5,"940,352","869,491","70,861",7.5,"936,088","860,154","75,934",8.1,"930,356","860,305","70,051",7.5,"928,739","862,556","66,183",7.1,"923,685","859,428","64,257",7.0,"921,380","859,305","62,075",6.7,"919,889","859,242","60,647",6.6,"$45,524",100.0
32,1861,36000,NY,New York,,,,,,"19,378,102","19,378,110","19,402,640","19,519,529","19,602,769","19,673,546","19,718,515","19,747,183","19,745,289","24,530","116,889","83,240","70,777","44,969","28,668","-1,894","61,424","243,116","239,920","239,861","237,034","237,898","236,507","35,124","149,759","146,910","152,607","148,798","155,230","160,713","26,300","93,357","93,010","87,254","88,236","82,668","75,794","23,691","108,528","107,880","104,541","115,680","120,650","118,478","-24,320","-83,457","-116,357","-110,066","-159,490","-161,612","-191,367",-629,"25,071","-8,477","-5,525","-43,810","-40,962","-72,889","-1,141","-1,539","-1,293","-10,952",543,"-13,038","-4,799","585,684","585,998","584,703","582,705","579,929","578,559","576,016","575,964",12.5,12.3,12.2,12.0,12.1,12.0,7.7,7.5,7.8,7.6,7.9,8.1,4.8,4.8,4.4,4.5,4.2,3.8,5.6,5.5,5.3,5.9,6.1,6.0,-4.3,-5.9,-5.6,-8.1,-8.2,-9.7,1.3,-0.4,-0.3,-2.2,-2.1,-3.7,1862,36000,NY,New York, , , , ,"9,522,056","9,088,207","433,849",4.6,"9,664,773","9,139,080","525,693",5.4,"9,647,485","8,844,486","802,999",8.3,"9,595,362","8,769,723","825,639",8.6,"9,517,361","8,728,057","789,304",8.3,"9,617,611","8,797,832","819,779",8.5,"9,636,411","8,893,628","742,783",7.7,"9,595,304","8,989,429","605,875",6.3,"9,679,321","9,166,246","513,075",5.3,"$60,805",100.0
33,1924,37000,NC,North Carolina,,,,,,"9,535,483","9,535,688","9,558,915","9,650,963","9,746,175","9,841,590","9,934,399","10,035,186","10,146,788","23,227","92,048","95,212","95,415","92,809","100,787","111,602","29,913","121,032","119,577","119,386","120,197","120,935","120,778","18,674","79,944","79,510","84,326","83,485","87,724","89,721","11,239","41,088","40,067","35,060","36,712","33,211","31,057","5,216","17,202","22,704","19,204","20,444","22,822","20,494","6,752","31,277","31,764","37,912","33,991","41,003","59,584","11,968","48,479","54,468","57,116","54,435","63,825","80,078",20,"2,481",677,"3,239","1,662","3,751",467,"257,464","257,491","255,188","254,065","253,687","252,577","255,907","255,962",12.6,12.3,12.2,12.2,12.1,12.0,8.3,8.2,8.6,8.4,8.8,8.9,4.3,4.1,3.6,3.7,3.3,3.1,1.8,2.3,2.0,2.1,2.3,2.0,3.3,3.3,3.9,3.4,4.1,5.9,5.0,5.6,5.8,5.5,6.4,7.9,1925,37000,NC,North Carolina, , , , ,"4,512,856","4,300,304","212,552",4.7,"4,560,059","4,281,713","278,346",6.1,"4,570,789","4,087,105","483,684",10.6,"4,616,691","4,115,629","501,062",10.9,"4,633,072","4,157,543","475,529",10.3,"4,680,265","4,247,139","433,126",9.3,"4,683,022","4,310,817","372,205",7.9,"4,690,562","4,396,286","294,276",6.3,"4,769,245","4,495,473","273,772",5.7,"$47,884",100.0
34,2025,38000,ND,North Dakota,,,,,,"672,591","672,591","674,526","685,476","702,087","724,019","739,904","756,835","757,952","1,935","10,950","16,611","21,932","15,885","16,931","1,117","2,338","9,210","9,872","10,253","10,976","11,615","11,824","1,494","6,054","5,935","6,229","6,205","5,963","6,172",844,"3,156","3,937","4,024","4,771","5,652","5,652",290,"1,046","1,721","1,516","1,592","1,735","1,575",840,"6,266","10,759","16,434","9,072","9,684","-6,259","1,130","7,312","12,480","17,950","10,664","11,419","-4,684",-39,482,194,-42,450,-140,149,"25,056","25,063","25,828","26,238","26,918","26,588","26,424","26,100",13.5,14.2,14.4,15.0,15.5,15.6,8.9,8.6,8.7,8.5,8.0,8.1,4.6,5.7,5.6,6.5,7.6,7.5,1.5,2.5,2.1,2.2,2.3,2.1,9.2,15.5,23.0,12.4,12.9,-8.3,10.8,18.0,25.2,14.6,15.3,-6.2,2026,38000,ND,North Dakota, , , , ,"367,234","355,766","11,468",3.1,"371,025","359,333","11,692",3.2,"368,665","353,455","15,210",4.1,"378,342","364,053","14,289",3.8,"388,634","375,153","13,481",3.5,"397,812","385,596","12,216",3.1,"406,602","394,833","11,769",2.9,"415,286","404,147","11,139",2.7,"414,344","403,058","11,286",2.7,"$61,674",100.0
35,2079,39000,OH,Ohio,,,,,,"11,536,504","11,536,727","11,540,983","11,544,824","11,550,839","11,570,022","11,594,408","11,605,090","11,614,373","4,256","3,841","6,015","19,183","24,386","10,682","9,283","34,806","137,930","137,688","139,092","139,547","138,418","138,012","26,463","110,724","111,390","114,477","111,816","115,380","115,938","8,343","27,206","26,298","24,615","27,731","23,038","22,074","3,734","15,886","16,817","17,239","19,253","20,072","19,591","-7,690","-37,837","-37,289","-22,250","-18,487","-31,871","-27,558","-3,956","-21,951","-20,472","-5,011",766,"-11,799","-7,967",-131,"-1,414",189,-421,"-4,111",-557,"-4,824","306,488","308,929","309,562","310,211","310,240","311,299","311,963","313,225",11.9,11.9,12.0,12.0,11.9,11.9,9.6,9.6,9.9,9.7,9.9,10.0,2.4,2.3,2.1,2.4,2.0,1.9,1.4,1.5,1.5,1.7,1.7,1.7,-3.3,-3.2,-1.9,-1.6,-2.7,-2.4,-1.9,-1.8,-0.4,0.1,-1.0,-0.7,2080,39000,OH,Ohio, , , , ,"5,990,292","5,657,718","332,574",5.6,"5,965,166","5,580,843","384,323",6.4,"5,906,768","5,297,098","609,670",10.3,"5,846,886","5,247,050","599,836",10.3,"5,771,469","5,261,238","510,231",8.8,"5,706,059","5,284,522","421,537",7.4,"5,717,133","5,290,147","426,986",7.5,"5,702,698","5,372,754","329,944",5.8,"5,700,344","5,423,019","277,325",4.9,"$51,086",100.0
36,2168,40000,OK,Oklahoma,,,,,,"3,751,351","3,751,615","3,759,603","3,786,274","3,817,054","3,852,415","3,877,499","3,907,414","3,923,561","7,988","26,671","30,780","35,361","25,084","29,915","16,147","13,145","52,558","52,340","53,353","53,072","53,460","53,175","8,168","37,683","36,986","38,656","38,653","38,834","39,588","4,977","14,875","15,354","14,697","14,419","14,626","13,587","1,254","4,735","6,311","5,974","6,619","7,195","6,716","1,671","6,319","9,011","14,002","4,761","7,671","-3,822","2,925","11,054","15,322","19,976","11,380","14,866","2,894",86,742,104,688,-715,423,-334,"112,276","110,206","110,194","110,080","110,067","109,992","109,865","109,868",13.9,13.8,13.9,13.7,13.7,13.6,10.0,9.7,10.1,10.0,10.0,10.1,3.9,4.0,3.8,3.7,3.8,3.5,1.3,1.7,1.6,1.7,1.8,1.7,1.7,2.4,3.7,1.2,2.0,-1.0,2.9,4.0,5.2,2.9,3.8,0.7,2169,40000,OK,Oklahoma, , , , ,"1,726,259","1,655,490","70,769",4.1,"1,746,466","1,681,081","65,385",3.7,"1,764,432","1,652,023","112,409",6.4,"1,768,284","1,648,138","120,146",6.8,"1,772,666","1,668,418","104,248",5.9,"1,804,071","1,709,352","94,719",5.3,"1,806,829","1,710,781","96,048",5.3,"1,797,934","1,717,136","80,798",4.5,"1,842,049","1,763,844","78,205",4.2,"$48,595",100.0
37,2246,41000,OR,Oregon,,,,,,"3,831,074","3,831,072","3,838,048","3,868,031","3,899,116","3,925,751","3,968,371","4,024,634","4,093,465","6,976","29,983","31,085","26,635","42,620","56,263","68,831","11,879","45,396","44,907","45,003","45,467","45,805","46,198","7,801","32,512","32,959","33,425","33,825","34,678","35,371","4,078","12,884","11,948","11,578","11,642","11,127","10,827","1,470","5,533","5,485","5,726","6,660","7,109","6,934","1,543","11,373","13,736","9,064","23,560","35,973","50,038","3,013","16,906","19,221","14,790","30,220","43,082","56,972",-115,193,-84,267,758,"2,054","1,032","86,642","86,643","86,774","88,463","86,818","87,746","88,756","88,778",11.8,11.6,11.5,11.5,11.5,11.4,8.4,8.5,8.5,8.6,8.7,8.7,3.3,3.1,3.0,2.9,2.8,2.7,1.4,1.4,1.5,1.7,1.8,1.7,3.0,3.5,2.3,6.0,9.0,12.3,4.4,4.9,3.8,7.7,10.8,14.0,2247,41000,OR,Oregon, , , , ,"1,921,766","1,822,772","98,994",5.2,"1,955,121","1,827,352","127,769",6.5,"1,976,638","1,753,682","222,956",11.3,"1,984,039","1,773,076","210,963",10.6,"1,993,889","1,804,320","189,569",9.5,"1,954,098","1,781,428","172,670",8.8,"1,909,842","1,759,197","150,645",7.9,"1,939,396","1,807,328","132,068",6.8,"1,969,466","1,857,114","112,352",5.7,"$54,074",100.0
38,2283,42000,PA,Pennsylvania,,,,,,"12,702,379","12,702,857","12,712,343","12,744,293","12,771,854","12,781,338","12,790,565","12,791,904","12,784,227","9,486","31,950","27,561","9,484","9,227","1,339","-7,677","36,120","142,966","142,119","141,825","142,227","141,276","140,897","30,127","127,777","125,513","130,755","126,603","130,530","133,053","5,993","15,189","16,606","11,070","15,624","10,746","7,844","5,794","26,854","29,193","29,791","33,818","34,910","34,678","-1,581","-7,450","-17,463","-31,138","-35,353","-45,064","-45,565","4,213","19,404","11,730","-1,347","-1,535","-10,154","-10,887",-720,"-2,643",-775,-239,"-4,862",747,"-4,634","426,618","426,621","428,374","430,513","430,838","429,614","427,368","427,424",11.2,11.1,11.1,11.1,11.0,11.0,10.0,9.8,10.2,9.9,10.2,10.4,1.2,1.3,0.9,1.2,0.8,0.6,2.1,2.3,2.3,2.6,2.7,2.7,-0.6,-1.4,-2.4,-2.8,-3.5,-3.6,1.5,0.9,-0.1,-0.1,-0.8,-0.9,2284,42000,PA,Pennsylvania, , , , ,"6,342,997","6,064,063","278,934",4.4,"6,451,535","6,109,645","341,890",5.3,"6,400,263","5,885,351","514,912",8.0,"6,380,949","5,840,887","540,062",8.5,"6,395,506","5,888,745","506,761",7.9,"6,463,922","5,957,326","506,596",7.8,"6,440,444","5,964,726","475,718",7.4,"6,391,421","6,015,668","375,753",5.9,"6,423,903","6,093,858","330,045",5.1,"$55,683",100.0
39,2351,44000,RI,Rhode Island,,,,,,"1,052,567","1,052,940","1,053,337","1,052,451","1,052,901","1,053,033","1,054,480","1,055,607","1,056,426",397,-886,450,132,"1,447","1,127",819,"2,875","11,004","11,008","10,870","10,729","10,838","10,770","2,336","9,764","9,323","9,638","9,709","9,818","9,849",539,"1,240","1,685","1,232","1,020","1,020",921,964,"3,968","4,007","3,764","4,147","4,353","4,203","-1,126","-6,032","-5,255","-5,058","-3,167","-4,143","-3,784",-162,"-2,064","-1,248","-1,294",980,210,419,20,-62,13,194,-553,-103,-521,"43,027","43,024","42,487","42,244","41,258","41,885","42,601","42,752",10.5,10.5,10.3,10.2,10.3,10.2,9.3,8.9,9.2,9.2,9.3,9.3,1.2,1.6,1.2,1.0,1.0,0.9,3.8,3.8,3.6,3.9,4.1,4.0,-5.7,-5.0,-4.8,-3.0,-3.9,-3.6,-2.0,-1.2,-1.2,0.9,0.2,0.4,2352,44000,RI,Rhode Island, , , , ,"573,173","543,401","29,772",5.2,"570,328","525,941","44,387",7.8,"567,280","504,951","62,329",11.0,"566,704","503,216","63,488",11.2,"560,056","498,248","61,808",11.0,"558,392","500,316","58,076",10.4,"557,256","505,686","51,570",9.3,"555,955","513,217","42,738",7.7,"554,558","521,434","33,124",6.0,"$57,265",100.0
40,2357,45000,SC,South Carolina,,,,,,"4,625,364","4,625,410","4,635,943","4,672,637","4,720,760","4,767,894","4,828,430","4,894,834","4,961,119","10,533","36,694","48,123","47,134","60,536","66,404","66,285","14,181","57,471","57,525","56,575","57,293","57,852","57,926","9,679","42,036","42,080","44,670","44,520","46,646","47,514","4,502","15,435","15,445","11,905","12,773","11,206","10,412","1,610","5,117","6,673","5,382","5,790","6,631","5,760","4,354","14,844","25,814","28,785","39,272","46,745","47,084","5,964","19,961","32,487","34,167","45,062","53,376","52,844",67,"1,298",191,"1,062","2,701","1,822","3,029","139,195","139,216","138,632","137,871","136,317","136,972","137,173","136,582",12.3,12.2,11.9,11.9,11.9,11.8,9.0,9.0,9.4,9.3,9.6,9.6,3.3,3.3,2.5,2.7,2.3,2.1,1.1,1.4,1.1,1.2,1.4,1.2,3.2,5.5,6.1,8.2,9.6,9.6,4.3,6.9,7.2,9.4,11.0,10.7,2358,45000,SC,South Carolina, , , , ,"2,125,891","2,005,686","120,205",5.7,"2,142,232","1,996,409","145,823",6.8,"2,152,745","1,910,670","242,075",11.2,"2,155,668","1,915,045","240,623",11.2,"2,175,523","1,945,900","229,623",10.6,"2,184,113","1,983,506","200,607",9.2,"2,189,368","2,022,444","166,924",7.6,"2,216,782","2,074,277","142,505",6.4,"2,257,077","2,122,573","134,504",6.0,"$47,308",100.0
41,2404,46000,SD,South Dakota,,,,,,"814,180","814,195","816,325","824,398","834,441","844,922","852,561","857,919","865,454","2,130","8,073","10,043","10,481","7,639","5,358","7,535","3,034","11,786","11,894","12,050","12,444","12,156","12,114","1,922","7,296","7,431","7,290","7,172","7,300","7,296","1,112","4,490","4,463","4,760","5,272","4,856","4,818",277,"1,273","1,526","1,497","1,631","1,727","1,632",802,"2,070","4,037","4,289",454,"-1,084",941,"1,079","3,343","5,563","5,786","2,085",643,"2,573",-61,240,17,-65,282,-141,144,"34,050","34,043","34,008","33,999","33,997","34,032","33,994","34,010",14.4,14.3,14.4,14.7,14.2,14.1,8.9,9.0,8.7,8.5,8.5,8.5,5.5,5.4,5.7,6.2,5.7,5.6,1.6,1.8,1.8,1.9,2.0,1.9,2.5,4.9,5.1,0.5,-1.3,1.1,4.1,6.7,6.9,2.5,0.8,3.0,2405,46000,SD,South Dakota, , , , ,"442,499","430,011","12,488",2.8,"446,618","432,925","13,693",3.1,"446,010","423,993","22,017",4.9,"441,339","419,355","21,984",5.0,"440,934","420,054","20,880",4.7,"442,575","423,651","18,924",4.3,"444,880","428,075","16,805",3.8,"448,631","433,203","15,428",3.4,"452,300","438,077","14,223",3.1,"$53,263",100.0
42,2471,47000,TN,Tennessee,,,,,,"6,346,105","6,346,298","6,356,671","6,397,634","6,454,306","6,494,821","6,544,663","6,595,056","6,651,194","10,373","40,963","56,672","40,515","49,842","50,393","56,138","19,659","78,614","80,310","80,284","80,450","81,691","81,443","14,305","60,215","60,645","63,504","63,553","64,775","65,454","5,354","18,399","19,665","16,780","16,897","16,916","15,989","1,927","7,738","9,017","8,216","9,280","9,995","9,440","3,172","15,065","27,660","14,017","23,550","21,788","30,519","5,099","22,803","36,677","22,233","32,830","31,783","39,959",-80,-239,330,"1,502",115,"1,694",190,"153,628","153,635","153,883","154,220","154,407","153,649","154,018","152,979",12.3,12.5,12.4,12.3,12.4,12.3,9.4,9.4,9.8,9.7,9.9,9.9,2.9,3.1,2.6,2.6,2.6,2.4,1.2,1.4,1.3,1.4,1.5,1.4,2.4,4.3,2.2,3.6,3.3,4.6,3.6,5.7,3.4,5.0,4.8,6.0,2472,47000,TN,Tennessee, , , , ,"3,063,669","2,920,352","143,317",4.7,"3,054,785","2,853,746","201,039",6.6,"3,052,678","2,733,113","319,565",10.5,"3,090,795","2,792,063","298,732",9.7,"3,125,307","2,844,662","280,645",9.0,"3,103,047","2,860,355","242,692",7.8,"3,077,048","2,837,898","239,150",7.8,"3,046,632","2,847,777","198,855",6.5,"3,062,775","2,886,024","176,751",5.8,"$47,243",100.0
43,2567,48000,TX,Texas,,,,,,"25,145,561","25,146,100","25,244,310","25,646,389","26,071,655","26,473,525","26,944,751","27,429,639","27,862,596","98,210","402,079","425,266","401,870","471,226","484,888","432,957","92,752","381,765","378,107","384,432","394,335","401,870","404,533","40,996","168,065","169,134","178,624","180,764","187,483","192,814","51,756","213,700","208,973","205,808","213,571","214,387","211,719","15,453","69,376","72,347","76,746","88,279","94,803","91,839","29,973","116,100","141,785","117,522","164,313","171,537","125,703","45,426","185,476","214,132","194,268","252,592","266,340","217,542","1,028","2,903","2,161","1,794","5,063","4,161","3,696","581,678","582,201","587,173","590,114","594,624","604,544","608,075","608,204",15.0,14.6,14.6,14.8,14.8,14.6,6.6,6.5,6.8,6.8,6.9,7.0,8.4,8.1,7.8,8.0,7.9,7.7,2.7,2.8,2.9,3.3,3.5,3.3,4.6,5.5,4.5,6.2,6.3,4.5,7.3,8.3,7.4,9.5,9.8,7.9,2568,48000,TX,Texas, , , , ,"11,431,631","10,941,413","490,218",4.3,"11,664,390","11,104,115","560,275",4.8,"11,910,799","11,008,903","901,896",7.6,"12,241,970","11,244,632","997,338",8.1,"12,504,498","11,535,095","969,403",7.8,"12,682,204","11,830,356","851,848",6.7,"12,891,255","12,090,501","800,754",6.2,"13,022,851","12,358,703","664,148",5.1,"13,078,304","12,494,350","583,954",4.5,"$55,668",100.0
44,2822,49000,UT,Utah,,,,,,"2,763,885","2,763,888","2,775,326","2,816,124","2,855,782","2,902,663","2,941,836","2,990,632","3,051,217","11,438","40,798","39,658","46,881","39,173","48,796","60,585","13,755","51,921","50,440","51,854","50,840","51,206","51,444","3,708","14,868","15,270","16,036","16,101","16,601","16,447","10,047","37,053","35,170","35,818","34,739","34,605","34,997","1,058","4,621","4,768","4,807","5,432","5,839","5,634",321,-942,-167,"6,145",-825,"8,548","19,778","1,379","3,679","4,601","10,952","4,607","14,387","25,412",12,66,-113,111,-173,-196,176,"46,152","45,912","46,207","46,196","46,817","44,737","45,094","45,776",18.6,17.8,18.0,17.4,17.3,17.0,5.3,5.4,5.6,5.5,5.6,5.4,13.3,12.4,12.4,11.9,11.7,11.6,1.7,1.7,1.7,1.9,2.0,1.9,-0.3,-0.1,2.1,-0.3,2.9,6.5,1.3,1.6,3.8,1.6,4.9,8.4,2823,49000,UT,Utah, , , , ,"1,359,129","1,324,060","35,069",2.6,"1,371,201","1,322,089","49,112",3.6,"1,365,850","1,266,009","99,841",7.3,"1,356,097","1,249,814","106,283",7.8,"1,350,444","1,259,337","91,107",6.7,"1,373,479","1,299,289","74,190",5.4,"1,409,366","1,344,637","64,729",4.6,"1,431,553","1,377,013","54,540",3.8,"1,464,404","1,412,473","51,931",3.5,"$62,961",100.0
45,2852,50000,VT,Vermont,,,,,,"625,741","625,741","625,982","626,730","626,444","627,140","626,984","626,088","624,594",241,748,-286,696,-156,-896,"-1,494","1,656","6,053","6,093","5,975","6,111","6,016","6,035","1,331","5,431","5,456","5,559","5,596","5,585","5,547",325,622,637,416,515,431,488,100,648,730,850,925,988,955,-155,-425,"-1,639",-609,"-1,327","-2,252","-2,865",-55,223,-909,241,-402,"-1,264","-1,910",-29,-97,-14,39,-269,-63,-72,"25,329","25,327","25,363","25,365","25,500","25,480","25,427","25,240",9.7,9.7,9.5,9.7,9.6,9.7,8.7,8.7,8.9,8.9,8.9,8.9,1.0,1.0,0.7,0.8,0.7,0.8,1.0,1.2,1.4,1.5,1.6,1.5,-0.7,-2.6,-1.0,-2.1,-3.6,-4.6,0.4,-1.5,0.4,-0.6,-2.0,-3.1,2853,50000,VT,Vermont, , , , ,"353,739","339,547","14,192",4.0,"354,899","338,273","16,626",4.7,"359,836","336,104","23,732",6.6,"359,402","337,488","21,914",6.1,"358,108","338,463","19,645",5.5,"354,849","337,247","17,602",5.0,"351,342","335,856","15,486",4.4,"347,898","334,044","13,854",4.0,"344,414","331,824","12,590",3.7,"$56,883",100.0
46,2867,51000,VA,Virginia,,,,,,"8,001,024","8,001,041","8,025,773","8,110,035","8,192,048","8,262,692","8,317,372","8,367,587","8,411,808","24,732","84,262","82,013","70,644","54,680","50,215","44,221","25,719","102,336","102,767","102,511","102,589","103,167","102,366","14,675","60,453","60,220","63,439","62,649","64,611","66,558","11,044","41,883","42,547","39,072","39,940","38,556","35,808","7,889","28,577","34,467","30,521","32,861","35,550","32,545","5,759","11,078","5,081","2,228","-19,073","-24,144","-25,343","13,648","39,655","39,548","32,749","13,788","11,406","7,202",40,"2,724",-82,"-1,177",952,253,"1,211","239,836","240,289","242,013","242,375","241,384","242,787","243,153","241,626",12.7,12.6,12.5,12.4,12.4,12.2,7.5,7.4,7.7,7.6,7.7,7.9,5.2,5.2,4.7,4.8,4.6,4.3,3.5,4.2,3.7,4.0,4.3,3.9,1.4,0.6,0.3,-2.3,-2.9,-3.0,4.9,4.9,4.0,1.7,1.4,0.9,2868,51000,VA,Virginia, , , , ,"4,036,835","3,914,087","122,748",3.0,"4,133,443","3,970,428","163,015",3.9,"4,118,171","3,842,516","275,655",6.7,"4,157,658","3,860,386","297,272",7.1,"4,211,802","3,934,326","277,476",6.6,"4,225,252","3,969,890","255,362",6.0,"4,239,491","3,998,244","241,247",5.7,"4,257,986","4,036,280","221,706",5.2,"4,240,470","4,051,908","188,562",4.4,"$66,263",100.0
47,3001,53000,WA,Washington,,,,,,"6,724,540","6,724,545","6,743,226","6,822,520","6,895,226","6,968,006","7,054,196","7,160,290","7,288,000","18,681","79,294","72,706","72,780","86,190","106,094","127,710","22,233","86,687","86,718","87,233","87,382","89,318","89,982","11,831","49,848","49,457","51,337","51,290","54,245","55,979","10,402","36,839","37,261","35,896","36,092","35,073","34,003","4,727","19,165","22,202","21,915","24,226","25,950","24,410","3,617","23,491","13,205","14,250","26,026","42,640","67,571","8,344","42,656","35,407","36,165","50,252","68,590","91,981",-65,-201,38,719,-154,"2,431","1,726","139,375","139,371","140,666","141,444","140,719","141,204","141,388","142,590",12.8,12.6,12.6,12.5,12.6,12.5,7.3,7.2,7.4,7.3,7.6,7.7,5.4,5.4,5.2,5.1,4.9,4.7,2.8,3.2,3.2,3.5,3.7,3.4,3.5,1.9,2.1,3.7,6.0,9.4,6.3,5.2,5.2,7.2,9.7,12.7,3002,53000,WA,Washington, , , , ,"3,403,163","3,243,308","159,855",4.7,"3,478,577","3,291,309","187,268",5.4,"3,535,200","3,211,649","323,551",9.2,"3,511,326","3,160,544","350,782",10.0,"3,461,428","3,140,190","321,238",9.3,"3,472,727","3,190,421","282,306",8.1,"3,464,760","3,220,860","243,900",7.0,"3,492,866","3,278,975","213,891",6.1,"3,544,242","3,343,992","200,250",5.7,"$64,080",100.0
48,3041,54000,WV,West Virginia,,,,,,"1,852,994","1,853,011","1,854,230","1,854,972","1,856,560","1,853,231","1,848,514","1,841,053","1,831,102","1,219",742,"1,588","-3,329","-4,717","-7,461","-9,951","5,103","20,459","20,683","20,933","20,582","20,019","19,799","5,230","21,911","21,494","22,257","21,671","22,302","22,479",-127,"-1,452",-811,"-1,324","-1,089","-2,283","-2,680",255,"1,020","1,122",948,"1,039","1,104","1,076","1,218","1,060","1,301","-2,442","-4,199","-5,982","-7,659","1,473","2,080","2,423","-1,494","-3,160","-4,878","-6,583",-127,114,-24,-511,-468,-300,-688,"49,406","49,402","49,400","49,712","49,516","48,669","48,051","48,027",11.0,11.1,11.3,11.1,10.9,10.8,11.8,11.6,12.0,11.7,12.1,12.2,-0.8,-0.4,-0.7,-0.6,-1.2,-1.5,0.5,0.6,0.5,0.6,0.6,0.6,0.6,0.7,-1.3,-2.3,-3.2,-4.2,1.1,1.3,-0.8,-1.7,-2.6,-3.6,3042,54000,WV,West Virginia, , , , ,"811,160","773,990","37,170",4.6,"812,905","777,560","35,345",4.3,"814,027","751,165","62,862",7.7,"811,125","740,910","70,215",8.7,"807,021","741,972","65,049",8.1,"807,595","747,092","60,503",7.5,"798,953","745,081","53,872",6.7,"789,850","737,479","52,371",6.6,"785,049","732,146","52,903",6.7,"$41,969",100.0
49,3097,55000,WI,Wisconsin,,,,,,"5,686,986","5,687,289","5,690,263","5,709,640","5,726,177","5,742,854","5,758,377","5,767,891","5,778,708","2,974","19,377","16,537","16,677","15,523","9,514","10,817","17,558","67,775","67,647","66,885","67,077","66,469","66,079","11,757","48,488","47,888","50,051","49,335","49,773","49,823","5,801","19,287","19,759","16,834","17,742","16,696","16,256","1,291","5,683","6,334","6,664","7,736","8,155","7,990","-3,818","-6,241","-9,411","-7,575","-8,796","-15,700","-12,395","-2,527",-558,"-3,077",-911,"-1,060","-7,545","-4,405",-300,648,-145,754,"-1,159",363,"-1,034","150,520","150,517","149,224","149,326","148,908","148,953","148,230","146,260",11.9,11.8,11.7,11.7,11.5,11.4,8.5,8.4,8.7,8.6,8.6,8.6,3.4,3.5,2.9,3.1,2.9,2.8,1.0,1.1,1.2,1.3,1.4,1.4,-1.1,-1.6,-1.3,-1.5,-2.7,-2.1,-0.1,-0.5,-0.2,-0.2,-1.3,-0.8,3098,55000,WI,Wisconsin, , , , ,"3,087,828","2,936,452","151,376",4.9,"3,091,796","2,940,438","151,358",4.9,"3,100,348","2,834,335","266,013",8.6,"3,081,512","2,814,393","267,119",8.7,"3,079,759","2,840,996","238,763",7.8,"3,074,339","2,857,673","216,666",7.0,"3,083,790","2,876,037","207,753",6.7,"3,086,365","2,918,966","167,399",5.4,"3,095,376","2,952,797","142,579",4.6,"$55,623",100.0
50,3170,56000,WY,Wyoming,,,,,,"563,626","563,767","564,513","567,725","576,765","582,684","583,642","586,555","585,501",746,"3,212","9,040","5,919",958,"2,913","-1,054","1,993","7,474","7,438","7,508","7,711","7,688","7,590","1,291","4,448","4,378","4,615","4,536","4,625","4,838",702,"3,026","3,060","2,893","3,175","3,063","2,752",114,374,591,468,516,594,524,-91,-241,"5,244","2,544","-2,773",-653,"-4,347",23,133,"5,835","3,012","-2,257",-59,"-3,823",21,53,145,14,40,-91,17,"13,855","13,938","13,985","14,170","14,261","14,147","14,285","14,290",13.2,13.0,13.0,13.2,13.1,13.0,7.9,7.7,8.0,7.8,7.9,8.3,5.3,5.3,5.0,5.4,5.2,4.7,0.7,1.0,0.8,0.9,1.0,0.9,-0.4,9.2,4.4,-4.8,-1.1,-7.4,0.2,10.2,5.2,-3.9,-0.1,-6.5,3171,56000,WY,Wyoming, , , , ,"286,560","278,486","8,074",2.8,"293,279","284,310","8,969",3.1,"300,120","281,150","18,970",6.3,"303,297","283,744","19,553",6.4,"306,815","289,019","17,796",5.8,"307,425","291,076","16,349",5.3,"306,571","292,157","14,414",4.7,"306,933","294,207","12,726",4.1,"306,012","293,262","12,750",4.2,"$61,213",100.0
